{
  "controller/ActiveLoans-dbg.controller.js": 1717498906007,
  "controller/Home.controller.js": 1718001733942,
  "model/models.js": 1715926566141,
  "controller/User.controller.js": 1718386085984,
  "controller/ParticularUser.controller.js": 1717156376576,
  "controller/IssueBooks.controller.js": 1718376288424,
  "manifest.json": 1718687080152,
  "controller/BaseController.js": 1716294553898,
  "controller/App.controller.js": 1715926566141,
  "controller/AllUsers.controller.js": 1717088623445,
  "controller/AllBooks.controller.js": 1718384762886,
  "controller/Admin.controller.js": 1718365204467,
  "controller/ActiveLoans.controller.js": 1717498906007,
  "Component.js": 1715926566133,
  "Component-preload.js": 1718687080631,
  "model/models-dbg.js": 1715926566141,
  "controller/User-dbg.controller.js": 1718386085984,
  "controller/ParticularUser-dbg.controller.js": 1717156376576,
  "controller/IssueBooks-dbg.controller.js": 1718376288424,
  "controller/Home-dbg.controller.js": 1718001733942,
  "controller/BaseController-dbg.js": 1716294553898,
  "controller/App-dbg.controller.js": 1715926566141,
  "controller/AllUsers-dbg.controller.js": 1717088623445,
  "controller/AllBooks-dbg.controller.js": 1718384762886,
  "controller/Admin-dbg.controller.js": 1718365204467,
  "i18n/i18n.properties": 1717569696469,
  "Component-dbg.js": 1715926566133,
  "view/User.view.xml": 1718386122539,
  "view/ParticularUser.view.xml": 1717677888293,
  "view/IssueBooks.view.xml": 1717496472971,
  "view/Home.view.xml": 1718002375662,
  "view/App.view.xml": 1715926566145,
  "view/AllUsers.view.xml": 1717394258432,
  "view/AllBooks.view.xml": 1717504077389,
  "view/Admin.view.xml": 1717753873824,
  "view/ActiveLoans.view.xml": 1717498719325,
  "css/style.css": 1717996157540,
  "fragments/libraryinfo.fragment.xml": 1718002299239,
  "fragments/SignUpDialogue.fragment.xml": 1717045551540,
  "fragments/ReservedbooksByuser.fragment.xml": 1718385849790,
  "fragments/Notify.fragment.xml": 1717570239210,
  "fragments/NewUserSignUp.fragment.xml": 1718276223144,
  "fragments/LoginDialog.fragment.xml": 1717919905110,
  "fragments/HomePageCompanyDetails.fragment.xml": 1717997121299,
  "fragments/EditBook.fragment.xml": 1717419849195,
  "fragments/CreateBookDialog.fragment.xml": 1717523365906,
  "index.html": 1715926566133
}