{
  "view/ParticularUser.view.xml": 1717406578112,
  "controller/User.controller.js": 1717405997902,
  "model/models.js": 1715926566141,
  "manifest.json": 1717407159635,
  "controller/ParticularUser.controller.js": 1717156376576,
  "controller/IssueBooks.controller.js": 1717391659364,
  "controller/Home.controller.js": 1717348763635,
  "controller/BaseController.js": 1716294553898,
  "controller/App.controller.js": 1715926566141,
  "controller/AllUsers.controller.js": 1717088623445,
  "controller/AllBooks.controller.js": 1717391746615,
  "controller/Admin.controller.js": 1717153124830,
  "controller/ActiveLoans.controller.js": 1717391516386,
  "Component.js": 1715926566133,
  "Component-preload.js": 1717407160083,
  "Component-dbg.js": 1715926566133,
  "controller/User-dbg.controller.js": 1717405997902,
  "controller/ParticularUser-dbg.controller.js": 1717156376576,
  "controller/IssueBooks-dbg.controller.js": 1717391659364,
  "controller/Home-dbg.controller.js": 1717348763635,
  "controller/BaseController-dbg.js": 1716294553898,
  "controller/App-dbg.controller.js": 1715926566141,
  "controller/AllUsers-dbg.controller.js": 1717088623445,
  "controller/AllBooks-dbg.controller.js": 1717391746615,
  "controller/Admin-dbg.controller.js": 1717153124830,
  "controller/ActiveLoans-dbg.controller.js": 1717391516386,
  "model/models-dbg.js": 1715926566141,
  "view/User.view.xml": 1717401752767,
  "i18n/i18n.properties": 1715928196246,
  "view/IssueBooks.view.xml": 1717395796676,
  "view/Home.view.xml": 1717136612846,
  "view/App.view.xml": 1715926566145,
  "view/AllUsers.view.xml": 1717394258432,
  "view/AllBooks.view.xml": 1717402196322,
  "view/Admin.view.xml": 1717402593158,
  "view/ActiveLoans.view.xml": 1717396477368,
  "fragments/SignUpDialogue.fragment.xml": 1717045551540,
  "fragments/Notify.fragments.xml": 1717405660308,
  "fragments/LoginDialog.fragment.xml": 1717395782600,
  "fragments/EditBook.fragment.xml": 1717141081724,
  "fragments/CreateBookDialog.fragment.xml": 1717151067878,
  "css/style.css": 1717401935173,
  "index.html": 1715926566133
}