{
  "controller/Admin.controller.js": 1717419289329,
  "controller/IssueBooks.controller.js": 1717417131899,
  "model/models.js": 1715926566141,
  "controller/User.controller.js": 1717408773326,
  "controller/ParticularUser.controller.js": 1717156376576,
  "manifest.json": 1717493915020,
  "controller/Home.controller.js": 1717348763635,
  "controller/BaseController.js": 1716294553898,
  "controller/App.controller.js": 1715926566141,
  "controller/AllUsers.controller.js": 1717088623445,
  "controller/AllBooks.controller.js": 1717418535994,
  "i18n/i18n.properties": 1715928196246,
  "controller/ActiveLoans.controller.js": 1717391516386,
  "Component.js": 1715926566133,
  "Component-preload.js": 1717493915540,
  "controller/Admin-dbg.controller.js": 1717419289329,
  "controller/User-dbg.controller.js": 1717408773326,
  "controller/ParticularUser-dbg.controller.js": 1717156376576,
  "controller/IssueBooks-dbg.controller.js": 1717417131899,
  "controller/Home-dbg.controller.js": 1717348763635,
  "controller/BaseController-dbg.js": 1716294553898,
  "controller/App-dbg.controller.js": 1715926566141,
  "controller/AllUsers-dbg.controller.js": 1717088623445,
  "controller/AllBooks-dbg.controller.js": 1717418535994,
  "model/models-dbg.js": 1715926566141,
  "controller/ActiveLoans-dbg.controller.js": 1717391516386,
  "Component-dbg.js": 1715926566133,
  "view/User.view.xml": 1717420035064,
  "view/ParticularUser.view.xml": 1717419757417,
  "view/IssueBooks.view.xml": 1717438348174,
  "view/Home.view.xml": 1717136612846,
  "view/App.view.xml": 1715926566145,
  "view/AllUsers.view.xml": 1717394258432,
  "view/AllBooks.view.xml": 1717402196322,
  "view/Admin.view.xml": 1717414289977,
  "view/ActiveLoans.view.xml": 1717412313187,
  "fragments/SignUpDialogue.fragment.xml": 1717045551540,
  "fragments/Notify.fragment.xml": 1717416373064,
  "fragments/LoginDialog.fragment.xml": 1717395782600,
  "fragments/EditBook.fragment.xml": 1717419849195,
  "fragments/CreateBookDialog.fragment.xml": 1717151067878,
  "css/style.css": 1717417514964,
  "index.html": 1715926566133
}