{
  "fragments/SignUpDialogue.fragment.xml": 1717045551540,
  "manifest.json": 1717592708945,
  "model/models.js": 1715926566141,
  "controller/User.controller.js": 1717570341484,
  "controller/ParticularUser.controller.js": 1717156376576,
  "controller/IssueBooks.controller.js": 1717563653342,
  "controller/Home.controller.js": 1717568140566,
  "controller/BaseController.js": 1716294553898,
  "controller/App.controller.js": 1715926566141,
  "controller/AllUsers.controller.js": 1717088623445,
  "controller/AllBooks.controller.js": 1717498337560,
  "controller/Admin.controller.js": 1717525697286,
  "controller/ActiveLoans.controller.js": 1717498906007,
  "Component.js": 1715926566133,
  "Component-preload.js": 1717592709176,
  "controller/IssueBooks-dbg.controller.js": 1717563653342,
  "controller/User-dbg.controller.js": 1717570341484,
  "controller/ParticularUser-dbg.controller.js": 1717156376576,
  "model/models-dbg.js": 1715926566141,
  "controller/Home-dbg.controller.js": 1717568140566,
  "controller/BaseController-dbg.js": 1716294553898,
  "controller/App-dbg.controller.js": 1715926566141,
  "controller/AllUsers-dbg.controller.js": 1717088623445,
  "controller/AllBooks-dbg.controller.js": 1717498337560,
  "controller/Admin-dbg.controller.js": 1717525697286,
  "controller/ActiveLoans-dbg.controller.js": 1717498906007,
  "Component-dbg.js": 1715926566133,
  "view/User.view.xml": 1717572675439,
  "view/ParticularUser.view.xml": 1717419757417,
  "view/IssueBooks.view.xml": 1717496472971,
  "view/Home.view.xml": 1717569623287,
  "view/App.view.xml": 1715926566145,
  "view/AllUsers.view.xml": 1717394258432,
  "view/AllBooks.view.xml": 1717504077389,
  "view/Admin.view.xml": 1717503733767,
  "view/ActiveLoans.view.xml": 1717498719325,
  "i18n/i18n.properties": 1717569696469,
  "fragments/Notify.fragment.xml": 1717570239210,
  "fragments/LoginDialog.fragment.xml": 1717395782600,
  "fragments/EditBook.fragment.xml": 1717419849195,
  "fragments/CreateBookDialog.fragment.xml": 1717523365906,
  "css/style.css": 1717569542436,
  "index.html": 1715926566133
}